system:index,B11,B12,B2,B3,B4,B5,B6,B7,B8,B8A,SCL,date,h_wrb4,latitude,longitude,profile_id,source_db,.geo
20210227T101029_20210227T101826_T32TMM_000000000000000008b1_0,3067,2461,1106,1380,1550,1769,2081,2244,2414,2357,5,2021-02-27,Umbric Leptosols,42.18458239847331,8.703525506772506,2334,RMQS1,"{""type"":""MultiPoint"",""coordinates"":[]}"
20210227T110011_20210227T110446_T30TWT_000000000000000003f9_0,2832,1951,641,1010,1308,1701,2023,2249,2578,2547,5,2021-02-27,Stagnic Gleysols,47.19742681452983,-1.6906763795181967,980,RMQS1,"{""type"":""MultiPoint"",""coordinates"":[]}"
20210227T110011_20210227T110446_T30TXP_0000000000000000077d_0,2977,2290,795,995,1174,1532,2154,2421,2620,2665,5,2021-02-27,Albic Podzols,43.90442884344378,-1.0589332679545869,1956,RMQS1,"{""type"":""MultiPoint"",""coordinates"":[]}"
20210227T110011_20210227T110446_T30TXP_000000000000000007d4_0,2989,2121,666,991,1306,1587,1873,2024,2282,2261,5,2021-02-27,Eutric Cambisols,43.61704902247134,-1.0418332345486712,2048,RMQS1,"{""type"":""MultiPoint"",""coordinates"":[]}"
20210227T110011_20210227T110446_T30TXP_00000000000000000755_0,2530,1772,606,926,1112,1483,2087,2329,2508,2550,5,2021-02-27,Luvic Stagnosols,44.0651892036956,-0.46958380015658663,1912,RMQS1,"{""type"":""MultiPoint"",""coordinates"":[]}"
20210227T110011_20210227T110446_T30TXQ_000000000000000006d7_0,2719,1714,372,498,847,1051,1304,1560,1732,2021,5,2021-02-27,Albic Podzols,44.491166834166826,-0.6920033138179121,1780,RMQS1,"{""type"":""MultiPoint"",""coordinates"":[]}"
20210227T110011_20210227T110446_T30TXQ_0000000000000000068b_0,3187,2802,4516,4976,4752,3367,3246,3372,4684,3313,5,2021-02-27,Eutric Cambisols,44.78413733927169,-0.5056548387951271,1696,RMQS1,"{""type"":""MultiPoint"",""coordinates"":[]}"
20210227T110011_20210227T110446_T30TXQ_00000000000000000689_0,3208,3417,1262,1428,1648,1819,1861,1900,2108,2130,5,2021-02-27,Rustic Podzols,44.772991152476955,-0.9094512122532907,1694,RMQS1,"{""type"":""MultiPoint"",""coordinates"":[]}"
20210227T110011_20210227T110446_T30TXQ_000000000000000006b0_0,2217,1552,636,720,823,1172,1582,1793,1740,1852,5,2021-02-27,Rustic Podzols,44.62920996259254,-0.9011299307141876,1737,RMQS1,"{""type"":""MultiPoint"",""coordinates"":[]}"
20210227T110011_20210227T110446_T30TXQ_000000000000000006fb_0,2609,2270,722,1015,1128,1792,2161,2237,2334,2511,5,2021-02-27,Rustic Podzols,44.33559660067842,-1.084907903589234,1820,RMQS1,"{""type"":""MultiPoint"",""coordinates"":[]}"
20210227T110011_20210227T110446_T30TXQ_000000000000000006d6_0,2733,2105,661,966,1178,1433,1854,2174,2274,2175,5,2021-02-27,Umbric Podzols,44.48543835751057,-0.8928506234944198,1779,RMQS1,"{""type"":""MultiPoint"",""coordinates"":[]}"
20210227T110011_20210227T110446_T30TXR_00000000000000000614_0,2925,2021,577,783,1016,1346,1837,2101,2250,2464,5,2021-02-27,Albic Podzols,45.204379803857236,-0.9346709185235507,1570,RMQS1,"{""type"":""MultiPoint"",""coordinates"":[]}"
20210227T110011_20210227T110446_T30TXR_00000000000000000616_0,2479,1488,286,517,708,996,1348,1590,1868,1943,5,2021-02-27,Albic Podzols,45.21561357971033,-0.5277450651786423,1572,RMQS1,"{""type"":""MultiPoint"",""coordinates"":[]}"
20210227T110011_20210227T110446_T30TXR_00000000000000000559_0,2748,1848,590,1042,1174,1686,2137,2310,2554,2537,5,2021-02-27,Calcaric Cambisols,45.93996642092588,-0.35914842977074507,1367,RMQS1,"{""type"":""MultiPoint"",""coordinates"":[]}"
20210227T110011_20210227T110446_T30TXR_0000000000000000057f_0,1977,1182,619,1042,1016,1391,2159,2325,2360,2476,5,2021-02-27,Calcaric Cambisols,45.796101290683936,-0.35209062396110746,1408,RMQS1,"{""type"":""MultiPoint"",""coordinates"":[]}"
20210227T110011_20210227T110446_T30TXR_0000000000000000059f_0,2264,1381,899,1188,1362,1644,1989,2142,2588,2383,5,2021-02-27,Calcaric Cambisols,45.63581734636525,-0.9602860183142399,1445,RMQS1,"{""type"":""MultiPoint"",""coordinates"":[]}"
20210227T110011_20210227T110446_T30TXR_000000000000000005c7_0,2857,2078,721,1086,1272,1735,2346,2435,2768,2774,5,2021-02-27,Calcaric Cambisols,45.50837912116992,-0.3380839394493921,1489,RMQS1,"{""type"":""MultiPoint"",""coordinates"":[]}"
20210227T110011_20210227T110446_T30TXR_000000000000000005ef_0,3104,2331,934,1332,1464,1,1,2541,2898,2816,5,2021-02-27,Calcaric Cambisols,45.364523031408005,-0.3311353413334857,1531,RMQS1,"{""type"":""MultiPoint"",""coordinates"":[]}"
20210227T110011_20210227T110446_T30TXR_0000000000000000057d_0,3027,2445,752,1172,1428,1807,2311,2441,2696,2612,5,2021-02-27,Eutric Cambisols,45.78550112756896,-0.7633473909222855,1406,RMQS1,"{""type"":""MultiPoint"",""coordinates"":[]}"
20210227T110011_20210227T110446_T30TXR_000000000000000005a0_0,2760,2104,703,1156,1236,1,2347,2496,2680,2664,5,2021-02-27,Eutric Cambisols,45.641666296166285,-0.7552546452445758,1446,RMQS1,"{""type"":""MultiPoint"",""coordinates"":[]}"
20210227T110011_20210227T110446_T30TXR_0000000000000000057e_0,1882,1179,273,361,453,820,1,1333,1178,1719,5,2021-02-27,Haplic Luvisols,45.7909894983711,-0.557738865091163,1407,RMQS1,"{""type"":""MultiPoint"",""coordinates"":[]}"
20210227T110011_20210227T110446_T30TXS_0000000000000000050f_0,3597,2872,913,1312,1638,1863,2028,2155,2430,2335,5,2021-02-27,Calcaric Cambisols,46.22254711219468,-0.5806490268943258,1283,RMQS1,"{""type"":""MultiPoint"",""coordinates"":[]}"
20210227T110011_20210227T110446_T30TXS_00000000000000000530_0,3471,2980,939,1334,1698,2100,2319,2488,2724,2714,5,2021-02-27,Calcaric Cambisols,46.06727972171567,-0.9863064831544274,1322,RMQS1,"{""type"":""MultiPoint"",""coordinates"":[]}"
20210227T110011_20210227T110446_T30TXS_00000000000000000559_0,2743,1848,593,1050,1180,1681,2137,2310,2578,2536,5,2021-02-27,Calcaric Cambisols,45.93996642092588,-0.35914842977074507,1367,RMQS1,"{""type"":""MultiPoint"",""coordinates"":[]}"
20210227T110011_20210227T110446_T30TXS_0000000000000000049e_0,2627,1902,511,837,941,1342,2154,2346,2503,2464,5,2021-02-27,Eutric Cambisols,46.642567385032066,-1.0216466052080921,1157,RMQS1,"{""type"":""MultiPoint"",""coordinates"":[]}"
20210227T110011_20210227T110446_T30TXS_000000000000000004e6_0,2059,1808,1040,1222,1342,1485,1515,1563,1660,1606,5,2021-02-27,Fluvic Stagnosols,46.35492541824284,-1.0038829095612218,1239,RMQS1,"{""type"":""MultiPoint"",""coordinates"":[]}"
20210227T110011_20210227T110446_T30TXS_00000000000000000479_0,1805,1135,339,454,562,848,1123,1310,1511,1596,5,2021-02-27,Haplic Luvisols,46.80315409228974,-0.40228131750999974,1119,RMQS1,"{""type"":""MultiPoint"",""coordinates"":[]}"
20210227T110011_20210227T110446_T30TXS_00000000000000000475_0,2632,1963,600,964,1134,1473,1811,1996,2148,2102,5,2021-02-27,Luvic Stagnosols,46.78002737643537,-1.239945710034537,1115,RMQS1,"{""type"":""MultiPoint"",""coordinates"":[]}"
20210227T110011_20210227T110446_T30TXS_00000000000000000533_0,2923,2526,601,989,1448,1723,1857,1959,2026,2078,5,2021-02-27,Rendzic Leptosols,46.08383316222152,-0.366243320963874,1325,RMQS1,"{""type"":""MultiPoint"",""coordinates"":[]}"
20210227T110011_20210227T110446_T30TXT_000000000000000003a5_0,1851,1393,513,655,692,1101,1516,1688,1598,1832,5,2021-02-27,Calcaric Cambisols,47.52237647548992,-0.43929102008346294,890,RMQS1,"{""type"":""MultiPoint"",""coordinates"":[]}"
20210227T110011_20210227T110446_T30TYN_00000000000000000879_0,2127,1431,401,582,761,1049,1544,1648,1632,1822,5,2021-02-27,Eutric Cambisols,42.91556813443344,-0.4137347196183648,2244,RMQS1,"{""type"":""MultiPoint"",""coordinates"":[]}"
20210227T110011_20210227T110446_T30TYN_0000000000000000084a_0,2901,2335,1140,1394,1482,1850,2678,2930,3108,3122,5,2021-02-27,Skeletic Leptosols,43.20775050994949,-0.23107639245802053,2182,RMQS1,"{""type"":""MultiPoint"",""coordinates"":[]}"
20210227T110011_20210227T110446_T30TYN_00000000000000000889_0,2164,1606,399,960,1278,1142,1798,1741,2214,2025,5,2021-02-27,Umbric Leptosols,42.7812643891295,-0.0169737923193965,2269,RMQS1,"{""type"":""MultiPoint"",""coordinates"":[]}"
20210227T110011_20210227T110446_T30TYP_00000000000000000030_0,2163,1702,529,838,1007,1315,1516,1596,1752,1761,5,2021-02-27,Calcaric Cambisols,44.033238784443746,0.32947762226575067,SIM783,HWSDv2,"{""type"":""MultiPoint"",""coordinates"":[]}"
20210227T110011_20210227T110446_T30TYP_00000000000000000046_0,2964,2135,788,1400,1454,2117,2868,3031,3228,3104,5,2021-02-27,Gleyic Cambisols,43.74950007383431,0.1370914792787227,SIM91955,HWSDv2,"{""type"":""MultiPoint"",""coordinates"":[]}"
20210227T110011_20210227T110446_T30TYP_00000000000000000757_0,2044,1206,408,610,834,1087,1504,1757,1932,2083,5,2021-02-27,Albic Podzols,44.074732152290785,-0.07075846884607669,1914,RMQS1,"{""type"":""MultiPoint"",""coordinates"":[]}"
20210227T110011_20210227T110446_T30TYP_0000000000000000075a_0,1948,1294,532,960,930,1298,1927,2068,2200,2172,5,2021-02-27,Calcaric Cambisols,44.08630866803374,0.5277088899999789,1917,RMQS1,"{""type"":""MultiPoint"",""coordinates"":[]}"
20210227T110011_20210227T110446_T30TYP_00000000000000000784_0,2178,1675,514,844,1026,1217,1303,1366,1542,1511,5,2021-02-27,Calcaric Cambisols,43.939013384960546,0.3332815597688434,1963,RMQS1,"{""type"":""MultiPoint"",""coordinates"":[]}"
20210227T110011_20210227T110446_T30TYP_00000000000000000759_0,2727,2320,803,1208,1490,1728,1857,1902,2008,2064,5,2021-02-27,Haplic Luvisols,44.08281502778731,0.32819314039789665,1916,RMQS1,"{""type"":""MultiPoint"",""coordinates"":[]}"
20210227T110011_20210227T110446_T30TYP_00000000000000000755_0,2528,1771,651,950,1118,1485,2087,2327,2502,2547,5,2021-02-27,Luvic Stagnosols,44.0651892036956,-0.46958380015658663,1912,RMQS1,"{""type"":""MultiPoint"",""coordinates"":[]}"
20210227T110011_20210227T110446_T30TYP_00000000000000000758_0,2538,1780,1120,1246,1210,1572,2325,2573,2846,2858,5,2021-02-27,Mollic Umbrisols,44.07895624609019,0.12870287148029044,1915,RMQS1,"{""type"":""MultiPoint"",""coordinates"":[]}"
20210227T110011_20210227T110446_T30TYQ_00000000000000000701_0,3463,2870,1110,1700,1880,2369,2794,2948,3134,3081,5,2021-02-27,Calcaric Cambisols,44.36657602891278,0.11743191867862429,1826,RMQS1,"{""type"":""MultiPoint"",""coordinates"":[]}"
20210227T110011_20210227T110446_T30TYQ_000000000000000006db_0,2814,2598,1136,1668,2104,2358,2404,2435,2530,2520,5,2021-02-27,Eutric Fluvisols,44.51040280255146,0.11175365966486718,1784,RMQS1,"{""type"":""MultiPoint"",""coordinates"":[]}"
20210227T110011_20210227T110446_T30TYQ_00000000000000000702_0,2392,2157,814,1268,1638,1907,1979,2034,2120,2113,5,2021-02-27,Eutric Fluvisols,44.37045570221343,0.31793828823070713,1827,RMQS1,"{""type"":""MultiPoint"",""coordinates"":[]}"
20210227T110011_20210227T110446_T30TYQ_000000000000000006b8_0,3127,2531,877,1404,1748,1929,2078,2148,2280,2283,5,2021-02-27,Haplic Luvisols,44.664832562379004,0.7107266218471442,1745,RMQS1,"{""type"":""MultiPoint"",""coordinates"":[]}"
20210227T110011_20210227T110446_T30TYQ_000000000000000006dd_0,3062,2431,725,1144,1354,1803,2217,2389,2622,2638,5,2021-02-27,Haplic Luvisols,44.51781425187794,0.5138181479053451,1786,RMQS1,"{""type"":""MultiPoint"",""coordinates"":[]}"
20210227T110011_20210227T110446_T30TYQ_00000000000000000691_0,2019,1226,333,438,539,862,1201,1346,1399,1665,5,2021-02-27,Luvic Cambisols,44.808706456853045,0.7065437283644227,1702,RMQS1,"{""type"":""MultiPoint"",""coordinates"":[]}"
20210227T110011_20210227T110446_T30TYQ_0000000000000000072d_0,2564,2010,580,944,1206,1558,1812,1931,2220,2131,5,2021-02-27,Luvic Cambisols,44.230132383061516,0.5231018340485758,1871,RMQS1,"{""type"":""MultiPoint"",""coordinates"":[]}"
20210227T110011_20210227T110446_T30TYQ_00000000000000000668_0,1638,939,227,322,460,604,822,967,1317,1237,5,2021-02-27,Mollic Umbrisols,44.94585947668485,0.2971163753139567,1658,RMQS1,"{""type"":""MultiPoint"",""coordinates"":[]}"
20210227T110011_20210227T110446_T30TYQ_00000000000000000669_0,2699,1599,337,503,783,1087,1332,1557,1807,2003,5,2021-02-27,Mollic Umbrisols,44.94941033435976,0.49971586144971286,1659,RMQS1,"{""type"":""MultiPoint"",""coordinates"":[]}"
20210227T110011_20210227T110446_T30TYQ_0000000000000000072a_0,2946,1851,540,738,1024,1384,1719,1923,2178,2310,5,2021-02-27,Rustic Podzols,44.218525062282644,-0.0768860659739211,1868,RMQS1,"{""type"":""MultiPoint"",""coordinates"":[]}"
20210227T110011_20210227T110446_T30TYR_00000000000000000559_0,2740,1846,660,1078,1188,1692,2147,2323,2557,2543,5,2021-02-27,Calcaric Cambisols,45.93996642092588,-0.35914842977074507,1367,RMQS1,"{""type"":""MultiPoint"",""coordinates"":[]}"
20210227T110011_20210227T110446_T30TYR_0000000000000000055a_0,2654,1985,688,1030,1274,1449,1703,1862,2070,1989,5,2021-02-27,Calcaric Cambisols,45.944714618679825,-0.15292400530684933,1368,RMQS1,"{""type"":""MultiPoint"",""coordinates"":[]}"
20210227T110011_20210227T110446_T30TYR_0000000000000000057f_0,1959,1172,685,1072,1030,1390,2150,2308,2364,2452,5,2021-02-27,Calcaric Cambisols,45.796101290683936,-0.35209062396110746,1408,RMQS1,"{""type"":""MultiPoint"",""coordinates"":[]}"
20210227T110011_20210227T110446_T30TYR_00000000000000000581_0,2438,1731,535,686,841,1289,1376,1517,1428,1871,5,2021-02-27,Calcaric Cambisols,45.80519683137868,0.059315101682322416,1410,RMQS1,"{""type"":""MultiPoint"",""coordinates"":[]}"
20210227T110011_20210227T110446_T30TYR_000000000000000005a4_0,3278,2511,887,1370,1434,1,1,2930,3012,3069,5,2021-02-27,Calcaric Cambisols,45.66131000624331,0.0652636300268976,1450,RMQS1,"{""type"":""MultiPoint"",""coordinates"":[]}"
20210227T110011_20210227T110446_T30TYR_000000000000000005c7_0,2851,2075,786,1122,1282,1741,2350,2438,2768,2772,5,2021-02-27,Calcaric Cambisols,45.50837912116992,-0.3380839394493921,1489,RMQS1,"{""type"":""MultiPoint"",""coordinates"":[]}"
20210227T110011_20210227T110446_T30TYR_000000000000000005c8_0,2947,2332,1192,1466,1736,1,2032,2133,2396,2304,5,2021-02-27,Calcaric Cambisols,45.513089622659,-0.13346799206529747,1490,RMQS1,"{""type"":""MultiPoint"",""coordinates"":[]}"
20210227T110011_20210227T110446_T30TYR_000000000000000005ef_0,3097,2329,1003,1372,1484,1,1,2545,2913,2811,5,2021-02-27,Calcaric Cambisols,45.364523031408005,-0.3311353413334857,1531,RMQS1,"{""type"":""MultiPoint"",""coordinates"":[]}"
20210227T110011_20210227T110446_T30TYR_0000000000000000055d_0,3450,2862,884,1328,1648,1918,2159,2256,2489,2395,5,2021-02-27,Eutric Cambisols,45.95669494331757,0.4659446369728208,1371,RMQS1,"{""type"":""MultiPoint"",""coordinates"":[]}"
20210227T110011_20210227T110446_T30TYR_000000000000000005f1_0,3788,3284,1294,1842,2130,2685,2853,2941,3146,3099,5,2021-02-27,Eutric Cambisols,45.373545582811104,0.07706807018069811,1533,RMQS1,"{""type"":""MultiPoint"",""coordinates"":[]}"
20210227T110011_20210227T110446_T30TYR_00000000000000000619_0,2594,1795,653,947,1136,1,1,2287,2473,2567,5,2021-02-27,Luvic Cambisols,45.22967037836249,0.0829237907257251,1575,RMQS1,"{""type"":""MultiPoint"",""coordinates"":[]}"
20210227T110011_20210227T110446_T30TYR_00000000000000000644_0,1709,998,295,393,507,1,1,1262,1522,1433,5,2021-02-27,Luvic Stagnosols,45.09929510727043,0.9012833888857089,1620,RMQS1,"{""type"":""MultiPoint"",""coordinates"":[]}"
20210227T110011_20210227T110446_T30TYR_000000000000000005c9_0,2816,1961,824,1232,1172,1,1,2698,3038,2934,5,2021-02-27,Regosols (Colluvic),45.51742584404047,0.07118138304806058,1491,RMQS1,"{""type"":""MultiPoint"",""coordinates"":[]}"
20210227T110011_20210227T110446_T30TYR_000000000000000005f3_0,1840,1439,399,658,852,1,1067,1127,1187,1198,5,2021-02-27,Rendzic Leptosols,45.38107425208028,0.4853942395465012,1535,RMQS1,"{""type"":""MultiPoint"",""coordinates"":[]}"
20210227T110011_20210227T110446_T30TYR_00000000000000000028_0,2301,1946,536,681,832,1232,1610,1746,1790,1997,5,2021-02-27,Eutric Fluvisols,45.89861111,0.00277778,68782,{WD-WISE},"{""type"":""MultiPoint"",""coordinates"":[]}"
20210227T110011_20210227T110446_T30TYS_00000000000000000047_0,2989,2160,601,859,932,1313,1758,1945,2188,2206,5,2021-02-27,Calcaric Cambisols,46.824972900619045,0.04966733955390921,SIM21316,HWSDv2,"{""type"":""MultiPoint"",""coordinates"":[]}"
20210227T110011_20210227T110446_T30TYS_0000000000000000005e_0,3216,2259,984,1532,1650,1974,2841,2994,3310,3209,5,2021-02-27,Calcaric Cambisols,46.50806450849034,0.9910526900588258,SIM48183,HWSDv2,"{""type"":""MultiPoint"",""coordinates"":[]}"
20210227T110011_20210227T110446_T30TYS_0000000000000000047c_0,2732,2071,498,725,874,1112,1431,1580,1842,1859,5,2021-02-27,Calcaric Cambisols,46.81647502906954,0.2263821490651051,1122,RMQS1,"{""type"":""MultiPoint"",""coordinates"":[]}"
20210227T110011_20210227T110446_T30TYS_00000000000000000559_0,2745,1849,629,1066,1182,1689,2143,2316,2558,2540,5,2021-02-27,Calcaric Cambisols,45.93996642092588,-0.35914842977074507,1367,RMQS1,"{""type"":""MultiPoint"",""coordinates"":[]}"
20210227T110011_20210227T110446_T30TYS_0000000000000000055a_0,2653,1982,668,1024,1280,1447,1698,1860,2080,1988,5,2021-02-27,Calcaric Cambisols,45.944714618679825,-0.15292400530684933,1368,RMQS1,"{""type"":""MultiPoint"",""coordinates"":[]}"
20210227T110011_20210227T110446_T30TYS_00000000000000000512_0,1849,1100,393,573,584,905,1332,1595,1770,1662,5,2021-02-27,Calcaric Stagnosols,46.23686758524333,0.0412826508080623,1286,RMQS1,"{""type"":""MultiPoint"",""coordinates"":[]}"
20210227T110011_20210227T110446_T30TYS_000000000000000004a6_0,1757,1106,314,451,521,737,992,1148,1422,1402,5,2021-02-27,Eutric Cambisols,46.67952531374118,0.6501434335032911,1165,RMQS1,"{""type"":""MultiPoint"",""coordinates"":[]}"
20210227T110011_20210227T110446_T30TYS_000000000000000004c8_0,1892,1192,310,401,508,775,1044,1209,1248,1485,5,2021-02-27,Eutric Cambisols,46.5202302298062,-0.17934214796991424,1201,RMQS1,"{""type"":""MultiPoint"",""coordinates"":[]}"
20210227T110011_20210227T110446_T30TYS_000000000000000004eb_0,2665,2147,580,884,1174,1415,1596,1787,1898,1961,5,2021-02-27,Eutric Cambisols,46.380758268333096,0.035208723464946995,1244,RMQS1,"{""type"":""MultiPoint"",""coordinates"":[]}"
20210227T110011_20210227T110446_T30TYS_00000000000000000511_0,2310,1948,619,915,1110,1463,2062,2197,2532,2326,5,2021-02-27,Eutric Cambisols,46.232473574319876,-0.1660639103129587,1285,RMQS1,"{""type"":""MultiPoint"",""coordinates"":[]}"
20210227T110011_20210227T110446_T30TYS_0000000000000000055d_0,3452,2869,860,1322,1650,1920,2158,2255,2492,2396,5,2021-02-27,Eutric Cambisols,45.95669494331757,0.4659446369728208,1371,RMQS1,"{""type"":""MultiPoint"",""coordinates"":[]}"
20210227T110011_20210227T110446_T30TYS_00000000000000000536_0,2556,2311,614,979,1454,1592,1699,1863,2045,1953,5,2021-02-27,Luvic Cambisols,46.09698040593662,0.2541578951208035,1328,RMQS1,"{""type"":""MultiPoint"",""coordinates"":[]}"
20210227T110011_20210227T110446_T30TYS_00000000000000000533_0,2924,2526,642,1010,1460,1731,1862,1963,2028,2078,5,2021-02-27,Rendzic Leptosols,46.08383316222152,-0.366243320963874,1325,RMQS1,"{""type"":""MultiPoint"",""coordinates"":[]}"
20210227T110011_20210227T110446_T30TYT_00000000000000000453_0,3130,2605,817,1310,1560,1963,2474,2611,2769,2709,5,2021-02-27,Calcaric Cambisols,46.95184611031054,-0.1995238782819994,1076,RMQS1,"{""type"":""MultiPoint"",""coordinates"":[]}"
20210227T110011_20210227T110446_T30TYT_0000000000000000037d_0,3069,2387,671,1134,1502,1793,2226,2376,2503,2424,5,2021-02-27,Eutric Cambisols,47.69231735110835,1.0443128583803534,845,RMQS1,"{""type"":""MultiPoint"",""coordinates"":[]}"
20210227T110011_20210227T110446_T30TYT_000000000000000003aa_0,2780,2105,642,995,1282,1640,1853,2010,2138,2127,5,2021-02-27,Eutric Cambisols,47.542927371413136,0.6227839914739651,895,RMQS1,"{""type"":""MultiPoint"",""coordinates"":[]}"
20210227T110011_20210227T110446_T30TYT_000000000000000008cd_0,1896,1331,289,442,528,678,1033,1329,1435,1497,5,2021-02-27,Eutric Cambisols,47.2395688323403,-0.21315831444104077,10987,RMQS1,"{""type"":""MultiPoint"",""coordinates"":[]}"
20210227T110011_20210227T110446_T30TYT_0000000000000000037c_0,2516,2092,686,1064,1368,1625,1840,1991,2154,2118,5,2021-02-27,Haplic Luvisols,47.68975585042416,0.8312134254903143,844,RMQS1,"{""type"":""MultiPoint"",""coordinates"":[]}"
20210227T110011_20210227T110446_T30TYT_000000000000000003ac_0,2304,1487,321,515,729,1003,1273,1453,1642,1791,5,2021-02-27,Haplic Luvisols,47.54842634489564,1.0478077768911012,897,RMQS1,"{""type"":""MultiPoint"",""coordinates"":[]}"
20210227T110011_20210227T110446_T30TYT_00000000000000000404_0,2291,1491,672,960,1148,1148,1600,1775,2294,2001,5,2021-02-27,Haplic Luvisols,47.25515043152472,0.6320023123013093,991,RMQS1,"{""type"":""MultiPoint"",""coordinates"":[]}"
20210227T110011_20210227T110446_T30TYT_000000000000000003da_0,2644,1751,620,1026,1170,1755,2443,2675,2776,2778,5,2021-02-27,Luvic Cambisols,47.404526962741336,1.0512838631524177,948,RMQS1,"{""type"":""MultiPoint"",""coordinates"":[]}"
20210227T110011_20210227T110446_T30TYT_00000000000000000400_0,1896,1331,289,442,528,678,1033,1329,1435,1497,5,2021-02-27,Luvic Stagnosols,47.2395688323403,-0.21315831444104077,987,RMQS1,"{""type"":""MultiPoint"",""coordinates"":[]}"
20210227T110011_20210227T110446_T30TYT_000000000000000003d5_0,2635,2052,598,870,1126,1335,1577,1714,2165,2095,5,2021-02-27,Stagnic Gleysols,47.38790714527086,-0.00821902549974,943,RMQS1,"{""type"":""MultiPoint"",""coordinates"":[]}"
20210227T110011_20210227T110446_T30UXU_00000000000000000036_0,2399,1852,1018,1660,1722,1723,2029,2142,2640,2235,5,2021-02-27,Calcaric Cambisols,48.10907181593538,-0.735429100079324,SIM13651,HWSDv2,"{""type"":""MultiPoint"",""coordinates"":[]}"
20210227T110011_20210227T110446_T30UXU_000000000000000001fa_0,2582,1595,440,696,1076,1071,1408,1814,2692,2132,5,2021-02-27,Dystric Cambisols,48.66723280751955,-0.7176208243116725,438,RMQS1,"{""type"":""MultiPoint"",""coordinates"":[]}"
20210227T110011_20210227T110446_T30UXU_000000000000000002db_0,1965,1231,284,423,579,798,1074,1282,1485,1577,5,2021-02-27,Stagnic Gleysols,48.09759962264399,-0.46962334640743114,674,RMQS1,"{""type"":""MultiPoint"",""coordinates"":[]}"
20210227T110011_20210227T110446_T30UXV_000000000000000001fa_0,2601,1607,406,681,1076,1073,1408,1818,2710,2150,5,2021-02-27,Dystric Cambisols,48.66723280751955,-0.7176208243116725,438,RMQS1,"{""type"":""MultiPoint"",""coordinates"":[]}"
20210227T110011_20210227T110446_T30UXV_00000000000000000121_0,2587,1781,696,1070,1192,1718,2158,2378,2626,2580,5,2021-02-27,Eutric Cambisols,49.37343846722754,-1.2002823962852565,183,RMQS1,"{""type"":""MultiPoint"",""coordinates"":[]}"
20210227T110011_20210227T110446_T30UXV_00000000000000000193_0,2354,2008,467,727,971,1189,1469,1559,1670,1741,5,2021-02-27,Eutric Cambisols,48.95462129578324,-0.7345870226619744,319,RMQS1,"{""type"":""MultiPoint"",""coordinates"":[]}"
20210227T110011_20210227T110446_T30UXV_0000000000000000016b_0,2628,2055,550,958,1186,1629,1938,2074,2172,2222,5,2021-02-27,Luvic Cambisols,49.108752955288054,-0.30550346048347665,269,RMQS1,"{""type"":""MultiPoint"",""coordinates"":[]}"
20210227T110011_20210227T110446_T30UYA_000000000000000000ed_0,2798,2158,786,1286,1630,1974,2142,2313,2492,2394,5,2021-02-27,Luvic Cambisols,49.69964018452039,0.5503130036656759,123,RMQS1,"{""type"":""MultiPoint"",""coordinates"":[]}"
20210227T110011_20210227T110446_T30UYA_000000000000000000ee_0,2425,1715,608,987,1262,1796,2204,2339,2514,2535,5,2021-02-27,Luvic Cambisols,49.702705011305135,0.7717937299950821,124,RMQS1,"{""type"":""MultiPoint"",""coordinates"":[]}"
20210227T110011_20210227T110446_T30UYA_00000000000000000106_0,1183,758,400,573,527,849,1336,1532,1566,1680,5,2021-02-27,Luvic Cambisols,49.55252120968689,0.3345055028723027,151,RMQS1,"{""type"":""MultiPoint"",""coordinates"":[]}"
20210227T110011_20210227T110446_T30UYA_00000000000000000109_0,2241,1588,508,980,1244,1689,2078,2241,2310,2410,5,2021-02-27,Luvic Cambisols,49.56169025290863,0.9970773776870822,154,RMQS1,"{""type"":""MultiPoint"",""coordinates"":[]}"
20210227T110011_20210227T110446_T30UYU_00000000000000000065_0,2311,1512,384,631,785,1127,1427,1722,1700,1924,5,2021-02-27,Calcaric Cambisols,47.97731251242625,-0.12210587462628049,SIM80563,HWSDv2,"{""type"":""MultiPoint"",""coordinates"":[]}"
20210227T110011_20210227T110446_T30UYU_00000000000000000315_0,1861,1740,847,1366,1584,1469,1503,1494,1946,1643,5,2021-02-27,Eutric Cambisols,47.96741451532722,0.18037000413400373,734,RMQS1,"{""type"":""MultiPoint"",""coordinates"":[]}"
20210227T110011_20210227T110446_T30UYU_00000000000000000272_0,2876,2124,852,1480,1530,2189,2924,3090,3237,3168,5,2021-02-27,Eutric Retisols,48.411606154539754,1.0265529667530489,564,RMQS1,"{""type"":""MultiPoint"",""coordinates"":[]}"
20210227T110011_20210227T110446_T30UYU_000000000000000001ff_0,2262,1548,495,904,1084,1544,2062,2251,2352,2318,5,2021-02-27,Luvic Stagnosols,48.69020849450321,0.36771527112790053,443,RMQS1,"{""type"":""MultiPoint"",""coordinates"":[]}"
20210227T110011_20210227T110446_T30UYU_000000000000000002a9_0,2484,1932,733,1140,1324,1819,2074,2238,2272,2406,5,2021-02-27,Luvic Stagnosols,48.265183822455356,0.8147095500113787,622,RMQS1,"{""type"":""MultiPoint"",""coordinates"":[]}"
20210227T110011_20210227T110446_T30UYV_0000000000000000016f_0,2625,1743,490,822,1104,1599,2198,2466,2464,2712,5,2021-02-27,Calcaric Cambisols,49.12488144122345,0.5702344231172092,273,RMQS1,"{""type"":""MultiPoint"",""coordinates"":[]}"
20210227T110011_20210227T110446_T30UYV_00000000000000000196_0,2395,1733,702,903,963,1343,1977,2241,1521,2255,5,2021-02-27,Calcaric Cambisols,48.96967678241227,-0.0798881691545023,322,RMQS1,"{""type"":""MultiPoint"",""coordinates"":[]}"
20210227T110011_20210227T110446_T30UYV_00000000000000000127_0,1876,1210,208,377,498,783,1062,1256,1498,1581,5,2021-02-27,Haplic Luvisols,49.420237706725004,1.2211206392384968,194,RMQS1,"{""type"":""MultiPoint"",""coordinates"":[]}"
20210227T110011_20210227T110446_T30UYV_00000000000000000106_0,1181,754,465,613,554,867,1351,1547,1582,1693,5,2021-02-27,Luvic Cambisols,49.55252120968689,0.3345055028723027,151,RMQS1,"{""type"":""MultiPoint"",""coordinates"":[]}"
20210227T110011_20210227T110446_T30UYV_00000000000000000109_0,2242,1588,535,994,1250,1692,2083,2241,2312,2412,5,2021-02-27,Luvic Cambisols,49.56169025290863,0.9970773776870822,154,RMQS1,"{""type"":""MultiPoint"",""coordinates"":[]}"
20210227T110011_20210227T110446_T30UYV_00000000000000000126_0,2140,1416,341,525,766,1055,1436,1585,1890,1901,5,2021-02-27,Luvic Cambisols,49.41799449283413,1.0008342876768888,193,RMQS1,"{""type"":""MultiPoint"",""coordinates"":[]}"
20210227T110011_20210227T110446_T30UYV_00000000000000000147_0,2550,1630,630,1094,1434,2022,2210,2439,2024,2430,5,2021-02-27,Luvic Stagnosols,49.26131649624349,0.1261348712753964,228,RMQS1,"{""type"":""MultiPoint"",""coordinates"":[]}"
20210227T110011_20210227T110446_T30UYV_000000000000000001ff_0,2259,1547,465,891,1080,1541,2061,2247,2350,2310,5,2021-02-27,Luvic Stagnosols,48.69020849450321,0.36771527112790053,443,RMQS1,"{""type"":""MultiPoint"",""coordinates"":[]}"
20210227T110011_20210227T110446_T31TCJ_0000000000000000075a_0,1981,1329,514,915,881,1331,1948,2089,2186,2204,5,2021-02-27,Calcaric Cambisols,44.08630866803374,0.5277088899999789,1917,RMQS1,"{""type"":""MultiPoint"",""coordinates"":[]}"
20210227T110011_20210227T110446_T31TCK_000000000000000006b7_0,1946,1491,670,974,1104,1237,1321,1349,1432,1440,5,2021-02-27,Haplic Luvisols,44.66167066056686,0.5091410357468154,1744,RMQS1,"{""type"":""MultiPoint"",""coordinates"":[]}"
20210227T110011_20210227T110446_T31TCK_000000000000000006b8_0,3047,2513,926,1426,1758,1843,2131,2239,2330,2381,5,2021-02-27,Haplic Luvisols,44.664832562379004,0.7107266218471442,1745,RMQS1,"{""type"":""MultiPoint"",""coordinates"":[]}"
20210227T110011_20210227T110446_T31TCK_000000000000000006dd_0,3042,2373,677,1082,1266,1769,2239,2448,2698,2670,5,2021-02-27,Haplic Luvisols,44.51781425187794,0.5138181479053451,1786,RMQS1,"{""type"":""MultiPoint"",""coordinates"":[]}"
20210227T110011_20210227T110446_T31TCK_00000000000000000691_0,1894,1141,333,417,537,798,1104,1224,1356,1508,5,2021-02-27,Luvic Cambisols,44.808706456853045,0.7065437283644227,1702,RMQS1,"{""type"":""MultiPoint"",""coordinates"":[]}"
20210227T110011_20210227T110446_T31TCK_0000000000000000072d_0,2418,1894,620,933,1212,1527,1741,1852,2166,2046,5,2021-02-27,Luvic Cambisols,44.230132383061516,0.5231018340485758,1871,RMQS1,"{""type"":""MultiPoint"",""coordinates"":[]}"
20210227T110011_20210227T110446_T31TCK_00000000000000000669_0,2653,1576,361,518,805,1050,1299,1508,1844,1932,5,2021-02-27,Mollic Umbrisols,44.94941033435976,0.49971586144971286,1659,RMQS1,"{""type"":""MultiPoint"",""coordinates"":[]}"
20210227T110011_20210227T110446_T31TCL_0000000000000000055d_0,3488,2927,892,1334,1650,1955,2210,2378,2498,2485,5,2021-02-27,Eutric Cambisols,45.95669494331757,0.4659446369728208,1371,RMQS1,"{""type"":""MultiPoint"",""coordinates"":[]}"
20210227T110011_20210227T110446_T31TCL_000000000000000005f3_0,1896,1484,422,664,844,1,1109,1189,1190,1233,5,2021-02-27,Rendzic Leptosols,45.38107425208028,0.4853942395465012,1535,RMQS1,"{""type"":""MultiPoint"",""coordinates"":[]}"
20210227T110011_20210227T110446_T31TCM_0000000000000000005e_0,3187,2248,945,1474,1574,1985,2734,2931,3282,3107,5,2021-02-27,Calcaric Cambisols,46.50806450849034,0.9910526900588258,SIM48183,HWSDv2,"{""type"":""MultiPoint"",""coordinates"":[]}"
20210227T110011_20210227T110446_T31TCM_000000000000000004cd_0,1733,1051,268,440,479,741,1069,1260,1430,1491,5,2021-02-27,Calcaric Cambisols,46.5410081279246,1.0717536022518126,1207,RMQS1,"{""type"":""MultiPoint"",""coordinates"":[]}"
20210227T110011_20210227T110446_T31TCM_000000000000000004a6_0,1751,1097,335,462,514,740,1025,1198,1402,1471,5,2021-02-27,Eutric Cambisols,46.67952531374118,0.6501434335032911,1165,RMQS1,"{""type"":""MultiPoint"",""coordinates"":[]}"
20210227T110011_20210227T110446_T31TCM_0000000000000000055d_0,3488,2928,875,1332,1650,1956,2208,2374,2496,2485,5,2021-02-27,Eutric Cambisols,45.95669494331757,0.4659446369728208,1371,RMQS1,"{""type"":""MultiPoint"",""coordinates"":[]}"
20210227T110011_20210227T110446_T31TCN_000000000000000003ae_0,1999,1606,397,554,792,1006,1398,1639,1556,1776,5,2021-02-27,Calcaric Cambisols,47.552368234556766,1.4729089085002178,899,RMQS1,"{""type"":""MultiPoint"",""coordinates"":[]}"
20210227T110011_20210227T110446_T31TCN_0000000000000000037d_0,3145,2464,713,1200,1542,1864,2315,2469,2562,2548,5,2021-02-27,Eutric Cambisols,47.69231735110835,1.0443128583803534,845,RMQS1,"{""type"":""MultiPoint"",""coordinates"":[]}"
20210227T110011_20210227T110446_T31TCN_000000000000000003aa_0,2849,2115,671,1019,1312,1680,1898,2057,2126,2162,5,2021-02-27,Eutric Cambisols,47.542927371413136,0.6227839914739651,895,RMQS1,"{""type"":""MultiPoint"",""coordinates"":[]}"
20210227T110011_20210227T110446_T31TCN_0000000000000000037c_0,2513,2145,670,1076,1418,1640,1815,1939,2049,2072,5,2021-02-27,Haplic Luvisols,47.68975585042416,0.8312134254903143,844,RMQS1,"{""type"":""MultiPoint"",""coordinates"":[]}"
20210227T110011_20210227T110446_T31TCN_000000000000000003ac_0,2304,1487,322,506,712,1000,1279,1457,1623,1803,5,2021-02-27,Haplic Luvisols,47.54842634489564,1.0478077768911012,897,RMQS1,"{""type"":""MultiPoint"",""coordinates"":[]}"
20210227T110011_20210227T110446_T31TCN_00000000000000000404_0,2294,1497,686,952,1140,1149,1598,1776,2286,2005,5,2021-02-27,Haplic Luvisols,47.25515043152472,0.6320023123013093,991,RMQS1,"{""type"":""MultiPoint"",""coordinates"":[]}"
20210227T110011_20210227T110446_T31TCN_000000000000000003da_0,2645,1741,646,1050,1164,1758,2467,2592,2706,2703,5,2021-02-27,Luvic Cambisols,47.404526962741336,1.0512838631524177,948,RMQS1,"{""type"":""MultiPoint"",""coordinates"":[]}"
20210227T110011_20210227T110446_T31TCN_000000000000000003db_0,2711,1916,758,1256,1376,1963,2495,2681,2812,2835,5,2021-02-27,Luvic Cambisols,47.40668735158221,1.2632529913235573,949,RMQS1,"{""type"":""MultiPoint"",""coordinates"":[]}"
20210227T110011_20210227T110446_T31TCN_0000000000000000034e_0,2174,1434,365,545,767,905,1156,1395,1822,1766,5,2021-02-27,Luvic Stagnosols,47.84016084763797,1.4682119105928768,795,RMQS1,"{""type"":""MultiPoint"",""coordinates"":[]}"
20210227T110011_20210227T110446_T31TCN_000000000000000003ad_0,2341,1544,401,568,737,1032,1324,1507,1654,1837,5,2021-02-27,Luvic Stagnosols,47.55059190446798,1.2603501431723405,898,RMQS1,"{""type"":""MultiPoint"",""coordinates"":[]}"
20210227T110011_20210227T110446_T31TCN_000000000000000003af_0,2218,1448,274,411,609,853,1096,1207,1456,1582,5,2021-02-27,Luvic Stagnosols,47.55375537462604,1.685480171523393,900,RMQS1,"{""type"":""MultiPoint"",""coordinates"":[]}"
20210227T110011_20210227T110446_T31TCN_0000000000000000037e_0,1837,1169,258,358,420,754,986,1195,1298,1450,5,2021-02-27,Mollic Umbrisols,47.69448819042784,1.2574316936219125,846,RMQS1,"{""type"":""MultiPoint"",""coordinates"":[]}"
20210227T110011_20210227T110446_T31TCN_0000000000000000037f_0,2288,1546,477,818,869,1286,1969,2166,2244,2338,5,2021-02-27,Rendzic Leptosols,47.696269219574035,1.4705667746731201,847,RMQS1,"{""type"":""MultiPoint"",""coordinates"":[]}"
20210227T110011_20210227T110446_T31TDN_000000000000000003de_0,2345,1484,345,486,678,953,1259,1439,1722,1822,5,2021-02-27,Haplic Luvisols,47.41083785321567,1.8992444177900463,952,RMQS1,"{""type"":""MultiPoint"",""coordinates"":[]}"
20210227T110011_20210227T110446_T31TDN_000000000000000003af_0,2214,1445,317,440,624,858,1102,1212,1460,1586,5,2021-02-27,Luvic Stagnosols,47.55375537462604,1.685480171523393,900,RMQS1,"{""type"":""MultiPoint"",""coordinates"":[]}"
20210227T110011_20210227T110446_T31TDN_000000000000000003b0_0,2844,1836,450,656,944,1221,1505,1790,2204,2170,5,2021-02-27,Luvic Stagnosols,47.55475321205493,1.8980614971854999,901,RMQS1,"{""type"":""MultiPoint"",""coordinates"":[]}"
20210227T110011_20210227T110446_T31UCP_0000000000000000031b_0,2458,1803,505,901,1078,1449,2156,2299,2574,2557,5,2021-02-27,Calcaric Cambisols,47.98404183296344,1.4658440887727766,740,RMQS1,"{""type"":""MultiPoint"",""coordinates"":[]}"
20210227T110011_20210227T110446_T31UCP_00000000000000000204_0,1892,1236,292,426,547,831,1097,1250,1573,1547,5,2021-02-27,Dystric Cambisols,48.70325680260776,1.453808158227529,448,RMQS1,"{""type"":""MultiPoint"",""coordinates"":[]}"
20210227T110011_20210227T110446_T31UCP_0000000000000000023e_0,2486,1946,478,821,1080,1361,1707,1898,1852,2030,5,2021-02-27,Eutric Cambisols,48.56085542396343,1.6729155469005188,509,RMQS1,"{""type"":""MultiPoint"",""coordinates"":[]}"
20210227T110011_20210227T110446_T31UCP_00000000000000000272_0,2847,2119,846,1490,1544,2225,3006,3113,3206,3226,5,2021-02-27,Eutric Retisols,48.411606154539754,1.0265529667530489,564,RMQS1,"{""type"":""MultiPoint"",""coordinates"":[]}"
20210227T110011_20210227T110446_T31UCP_00000000000000000275_0,2524,1865,647,1172,1274,1782,2423,2558,2806,2706,5,2021-02-27,Haplic Luvisols,48.41702172942115,1.6747395099090712,567,RMQS1,"{""type"":""MultiPoint"",""coordinates"":[]}"
20210227T110011_20210227T110446_T31UCP_000000000000000001ff_0,2221,1507,523,917,1118,1531,2048,2247,2330,2307,5,2021-02-27,Luvic Stagnosols,48.69020849450321,0.36771527112790053,443,RMQS1,"{""type"":""MultiPoint"",""coordinates"":[]}"
20210227T110011_20210227T110446_T31UCP_000000000000000002a9_0,2382,1779,785,1190,1394,1637,2115,2331,2292,2534,5,2021-02-27,Luvic Stagnosols,48.265183822455356,0.8147095500113787,622,RMQS1,"{""type"":""MultiPoint"",""coordinates"":[]}"
20210227T110011_20210227T110446_T31UCP_0000000000000000034a_0,2475,1735,474,921,981,1615,2089,2279,2478,2498,5,2021-02-27,Luvic Stagnosols,47.83066980746326,0.6134648025979296,791,RMQS1,"{""type"":""MultiPoint"",""coordinates"":[]}"
20210227T110011_20210227T110446_T31UCP_0000000000000000034e_0,2187,1442,341,531,761,906,1160,1401,1818,1773,5,2021-02-27,Luvic Stagnosols,47.84016084763797,1.4682119105928768,795,RMQS1,"{""type"":""MultiPoint"",""coordinates"":[]}"
20210227T110011_20210227T110446_T31UCP_0000000000000000031c_0,2406,1923,540,881,1140,1448,1712,1860,1932,1957,5,2021-02-27,Mollic Umbrisols,47.98543984274541,1.6801538816928248,741,RMQS1,"{""type"":""MultiPoint"",""coordinates"":[]}"
20210227T110011_20210227T110446_T31UCP_000000000000000002e5_0,3110,2498,565,763,1092,1282,1402,1504,1636,1728,5,2021-02-27,Rendzic Leptosols,48.129312960797584,1.6783584655939348,684,RMQS1,"{""type"":""MultiPoint"",""coordinates"":[]}"
20210227T110011_20210227T110446_T31UCQ_0000000000000000016f_0,2642,1762,484,813,1068,1519,2074,2226,2570,2591,5,2021-02-27,Calcaric Cambisols,49.12488144122345,0.5702344231172092,273,RMQS1,"{""type"":""MultiPoint"",""coordinates"":[]}"
20210227T110011_20210227T110446_T31UCQ_00000000000000000174_0,2419,1682,746,1272,1478,1721,2487,2690,2872,2823,5,2021-02-27,Calcaric Cambisols,49.136032669120816,1.665509084487337,278,RMQS1,"{""type"":""MultiPoint"",""coordinates"":[]}"
20210227T110011_20210227T110446_T31UCQ_00000000000000000204_0,1876,1227,245,399,533,811,1076,1229,1564,1534,5,2021-02-27,Dystric Cambisols,48.70325680260776,1.453808158227529,448,RMQS1,"{""type"":""MultiPoint"",""coordinates"":[]}"
20210227T110011_20210227T110446_T31UCQ_0000000000000000014c_0,2092,1584,781,1082,1240,1318,1576,1708,1714,1770,5,2021-02-27,Eutric Fluvisols,49.276515471368825,1.2242410066178666,233,RMQS1,"{""type"":""MultiPoint"",""coordinates"":[]}"
20210227T110011_20210227T110446_T31UCQ_00000000000000000127_0,1895,1186,196,374,482,775,1049,1258,1470,1540,5,2021-02-27,Haplic Luvisols,49.420237706725004,1.2211206392384968,194,RMQS1,"{""type"":""MultiPoint"",""coordinates"":[]}"
20210227T110011_20210227T110446_T31UCQ_00000000000000000109_0,2246,1608,551,985,1242,1668,2090,2272,2346,2424,5,2021-02-27,Luvic Cambisols,49.56169025290863,0.9970773776870822,154,RMQS1,"{""type"":""MultiPoint"",""coordinates"":[]}"
20210227T110011_20210227T110446_T31UCQ_00000000000000000126_0,2082,1373,345,539,778,994,1369,1573,1908,1889,5,2021-02-27,Luvic Cambisols,49.41799449283413,1.0008342876768888,193,RMQS1,"{""type"":""MultiPoint"",""coordinates"":[]}"
20210227T110011_20210227T110446_T31UCQ_00000000000000000128_0,2449,1772,524,868,1112,1490,1833,1936,2167,2220,5,2021-02-27,Luvic Cambisols,49.42207764226659,1.4414246711124157,195,RMQS1,"{""type"":""MultiPoint"",""coordinates"":[]}"
20210227T110011_20210227T110446_T31UCQ_0000000000000000014e_0,2287,1577,530,927,1048,1480,2073,2197,2384,2392,5,2021-02-27,Luvic Cambisols,49.279783234787686,1.6636314749754055,235,RMQS1,"{""type"":""MultiPoint"",""coordinates"":[]}"
20210227T110011_20210227T110446_T31UCQ_000000000000000001ff_0,2218,1505,484,899,1110,1524,2040,2242,2325,2298,5,2021-02-27,Luvic Stagnosols,48.69020849450321,0.36771527112790053,443,RMQS1,"{""type"":""MultiPoint"",""coordinates"":[]}"
20210227T110011_20210227T110446_T31UCR_000000000000000000c9_0,2200,1991,509,788,1078,1237,1358,1439,1576,1641,5,2021-02-27,Luvic Cambisols,49.996771823054615,1.4312656624062745,76,RMQS1,"{""type"":""MultiPoint"",""coordinates"":[]}"
20210227T110011_20210227T110446_T31UCR_000000000000000000ca_0,2339,1626,561,977,1060,1586,2409,2611,2762,2759,5,2021-02-27,Luvic Cambisols,49.99822488625304,1.654081486582689,77,RMQS1,"{""type"":""MultiPoint"",""coordinates"":[]}"
20210227T110011_20210227T110446_T31UCR_000000000000000000db_0,2371,1727,620,1024,1250,1705,2145,2320,2492,2437,5,2021-02-27,Luvic Cambisols,49.85458077799602,1.6560118173559046,100,RMQS1,"{""type"":""MultiPoint"",""coordinates"":[]}"
20210227T110011_20210227T110446_T31UCR_000000000000000000ed_0,2816,2159,871,1340,1654,2082,2232,2397,2514,2505,5,2021-02-27,Luvic Cambisols,49.69964018452039,0.5503130036656759,123,RMQS1,"{""type"":""MultiPoint"",""coordinates"":[]}"
20210227T110011_20210227T110446_T31UCR_000000000000000000ee_0,2479,1758,624,1038,1312,1834,2203,2312,2492,2580,5,2021-02-27,Luvic Cambisols,49.702705011305135,0.7717937299950821,124,RMQS1,"{""type"":""MultiPoint"",""coordinates"":[]}"
20210227T110011_20210227T110446_T31UCR_00000000000000000109_0,2238,1605,530,974,1232,1658,2084,2266,2342,2422,5,2021-02-27,Luvic Cambisols,49.56169025290863,0.9970773776870822,154,RMQS1,"{""type"":""MultiPoint"",""coordinates"":[]}"
20210227T110011_20210227T110446_T31UCS_00000000000000000093_0,2845,1987,1020,1252,1392,1842,2611,2948,2990,3327,5,2021-02-27,Calcaric Stagnosols,50.859534751569996,1.6422702586246125,8,RMQS1,"{""type"":""MultiPoint"",""coordinates"":[]}"
20210227T110011_20210227T110446_T31UDP_000000000000000002ae_0,2774,2498,587,1056,1506,1746,1844,1937,1976,2046,5,2021-02-27,Calcaric Cambisols,48.27418519339707,1.8920484065068364,627,RMQS1,"{""type"":""MultiPoint"",""coordinates"":[]}"
20210227T110011_20210227T110446_T31UDP_00000000000000000206_0,2076,1347,333,463,588,868,1165,1280,1368,1583,5,2021-02-27,Dystric Cambisols,48.70569412739061,1.8883618939285025,450,RMQS1,"{""type"":""MultiPoint"",""coordinates"":[]}"
20210227T110011_20210227T110446_T31UDP_0000000000000000023e_0,2479,1942,501,830,1082,1359,1705,1896,1846,2027,5,2021-02-27,Eutric Cambisols,48.56085542396343,1.6729155469005188,509,RMQS1,"{""type"":""MultiPoint"",""coordinates"":[]}"
20210227T110011_20210227T110446_T31UDP_000000000000000002e7_0,2258,1978,411,717,1048,1281,1349,1438,1548,1554,5,2021-02-27,Eutric Cambisols,48.13093680610043,2.108177321905969,686,RMQS1,"{""type"":""MultiPoint"",""coordinates"":[]}"
20210227T110011_20210227T110446_T31UDP_00000000000000000275_0,2538,1876,669,1188,1284,1795,2440,2579,2822,2724,5,2021-02-27,Haplic Luvisols,48.41702172942115,1.6747395099090712,567,RMQS1,"{""type"":""MultiPoint"",""coordinates"":[]}"
20210227T110011_20210227T110446_T31UDP_00000000000000000278_0,2325,1773,633,973,1202,1230,1509,1569,2310,1922,5,2021-02-27,Haplic Luvisols,48.418877511932216,2.3230202148648296,570,RMQS1,"{""type"":""MultiPoint"",""coordinates"":[]}"
20210227T110011_20210227T110446_T31UDP_00000000000000000277_0,2449,2155,688,1112,1438,1663,1784,1855,2008,1998,5,2021-02-27,Luvic Cambisols,48.41865449696645,2.1069223823788863,569,RMQS1,"{""type"":""MultiPoint"",""coordinates"":[]}"
20210227T110011_20210227T110446_T31UDP_000000000000000002e6_0,2114,1650,538,863,1210,1295,1936,2037,1836,2197,5,2021-02-27,Luvic Cambisols,48.13032151946579,1.893264373324863,685,RMQS1,"{""type"":""MultiPoint"",""coordinates"":[]}"
20210227T110011_20210227T110446_T31UDP_0000000000000000031c_0,2404,1921,561,891,1144,1451,1712,1865,1930,1958,5,2021-02-27,Mollic Umbrisols,47.98543984274541,1.6801538816928248,741,RMQS1,"{""type"":""MultiPoint"",""coordinates"":[]}"
20210227T110011_20210227T110446_T31UDP_000000000000000002e5_0,3105,2495,583,773,1092,1283,1403,1501,1634,1726,5,2021-02-27,Rendzic Leptosols,48.129312960797584,1.6783584655939348,684,RMQS1,"{""type"":""MultiPoint"",""coordinates"":[]}"
20210227T110011_20210227T110446_T31UDQ_0000000000000000007d_0,1816,1245,443,750,976,1324,1752,1924,2046,2084,5,2021-02-27,Protoargic Arenosols,49.58589898837661,1.8391604822330379,SIM46907,HWSDv2,"{""type"":""MultiPoint"",""coordinates"":[]}"
20210227T110011_20210227T110446_T31UDQ_00000000000000000176_0,1700,1066,241,377,432,706,993,1130,1282,1395,5,2021-02-27,Albic Podzols,49.13768839574472,2.1037163490425295,280,RMQS1,"{""type"":""MultiPoint"",""coordinates"":[]}"
20210227T110011_20210227T110446_T31UDQ_00000000000000000152_0,1897,1226,212,365,485,703,1017,1167,1362,1498,5,2021-02-27,Calcaric Cambisols,49.28149486599512,2.542511496476948,239,RMQS1,"{""type"":""MultiPoint"",""coordinates"":[]}"
20210227T110011_20210227T110446_T31UDQ_00000000000000000174_0,2397,1667,780,1280,1472,1711,2467,2666,2846,2797,5,2021-02-27,Calcaric Cambisols,49.136032669120816,1.665509084487337,278,RMQS1,"{""type"":""MultiPoint"",""coordinates"":[]}"
20210227T110011_20210227T110446_T31UDQ_00000000000000000206_0,2094,1358,315,455,586,869,1171,1287,1376,1594,5,2021-02-27,Dystric Cambisols,48.70569412739061,1.8883618939285025,450,RMQS1,"{""type"":""MultiPoint"",""coordinates"":[]}"
20210227T110011_20210227T110446_T31UDQ_0000000000000000012d_0,2336,1661,607,1023,1190,1666,2295,2492,2648,2584,5,2021-02-27,Eutric Cambisols,49.425230407063104,2.5430874224563476,200,RMQS1,"{""type"":""MultiPoint"",""coordinates"":[]}"
20210227T110011_20210227T110446_T31UDQ_0000000000000000012b_0,1855,1608,916,1070,1228,1232,1429,1499,1710,1640,5,2021-02-27,Fibric Histosols,49.42517865837183,2.1024074145428684,198,RMQS1,"{""type"":""MultiPoint"",""coordinates"":[]}"
20210227T110011_20210227T110446_T31UDQ_000000000000000001a0_0,1975,1711,576,804,1292,1153,1454,1599,1700,1493,5,2021-02-27,Fluvic Cambisols,48.99391509715455,2.1043645797039217,332,RMQS1,"{""type"":""MultiPoint"",""coordinates"":[]}"
20210227T110011_20210227T110446_T31UDQ_000000000000000001d4_0,1986,1561,439,672,710,1066,1377,1502,1874,1849,5,2021-02-27,Fluvic Cambisols,48.85017478576778,2.5408021462983257,392,RMQS1,"{""type"":""MultiPoint"",""coordinates"":[]}"
20210227T110011_20210227T110446_T31UDQ_00000000000000000153_0,2090,1392,382,798,865,1353,2168,2311,2510,2422,5,2021-02-27,Haplic Luvisols,49.28091769976065,2.7622320159826583,240,RMQS1,"{""type"":""MultiPoint"",""coordinates"":[]}"
20210227T110011_20210227T110446_T31UDQ_00000000000000000110_0,2568,2037,915,1502,1884,2243,2414,2515,2586,2580,5,2021-02-27,Luvic Cambisols,49.56894583689343,2.5436666897699416,161,RMQS1,"{""type"":""MultiPoint"",""coordinates"":[]}"
20210227T110011_20210227T110446_T31UDQ_0000000000000000014e_0,2283,1574,568,946,1054,1483,2073,2193,2376,2387,5,2021-02-27,Luvic Cambisols,49.279783234787686,1.6636314749754055,235,RMQS1,"{""type"":""MultiPoint"",""coordinates"":[]}"
20210227T110011_20210227T110446_T31UDQ_000000000000000001a1_0,1468,1201,162,279,338,682,1147,1133,886,1171,5,2021-02-27,Luvic Cambisols,48.99414055184198,2.3228665430640922,333,RMQS1,"{""type"":""MultiPoint"",""coordinates"":[]}"
20210227T110011_20210227T110446_T31UDQ_000000000000000001d1_0,1714,1173,186,410,505,829,1344,1599,1454,1841,5,2021-02-27,Luvic Cambisols,48.84950017407993,1.8871171866162197,389,RMQS1,"{""type"":""MultiPoint"",""coordinates"":[]}"
20210227T110011_20210227T110446_T31UDQ_0000000000000000010d_0,2611,1760,666,946,1108,1370,1782,1997,2396,2332,5,2021-02-27,Luvic Stagnosols,49.56826098013314,1.8807904892721603,158,RMQS1,"{""type"":""MultiPoint"",""coordinates"":[]}"
20210227T110011_20210227T110446_T31UDQ_000000000000000001d3_0,1384,1371,1004,1122,1402,1160,1095,1163,1482,1129,5,2021-02-27,Technosols,48.85034873690586,2.322905488238686,391,RMQS1,"{""type"":""MultiPoint"",""coordinates"":[]}"
20210227T110011_20210227T110446_T31UDR_0000000000000000007d_0,1810,1241,423,738,969,1316,1743,1915,2042,2075,5,2021-02-27,Protoargic Arenosols,49.58589898837661,1.8391604822330379,SIM46907,HWSDv2,"{""type"":""MultiPoint"",""coordinates"":[]}"
20210227T110011_20210227T110446_T31UDR_000000000000000000de_0,2430,1977,498,886,1144,1490,1934,2012,2160,2102,5,2021-02-27,Calcaric Cambisols,49.85648964531181,2.3226256379824948,103,RMQS1,"{""type"":""MultiPoint"",""coordinates"":[]}"
20210227T110011_20210227T110446_T31UDR_000000000000000000f6_0,1726,1314,457,684,684,1022,1635,1863,1792,2168,5,2021-02-27,Calcaric Cambisols,49.71264020753129,2.5442497423135224,132,RMQS1,"{""type"":""MultiPoint"",""coordinates"":[]}"
20210227T110011_20210227T110446_T31UDR_000000000000000000a9_0,2439,1841,732,1076,1406,1761,1915,2019,2148,2181,5,2021-02-27,Eutric Cambisols,50.43070046559016,2.0977104657606827,36,RMQS1,"{""type"":""MultiPoint"",""coordinates"":[]}"
20210227T110011_20210227T110446_T31UDR_000000000000000000b3_0,2054,1405,454,688,950,1287,1695,1897,2052,2079,5,2021-02-27,Eutric Cambisols,50.28736043598306,2.3225017207889516,50,RMQS1,"{""type"":""MultiPoint"",""coordinates"":[]}"
20210227T110011_20210227T110446_T31UDR_000000000000000000b4_0,2110,1490,548,927,1118,1487,1897,2020,2198,2183,5,2021-02-27,Eutric Cambisols,50.28718216659681,2.546611534452438,51,RMQS1,"{""type"":""MultiPoint"",""coordinates"":[]}"
20210227T110011_20210227T110446_T31UDR_000000000000000000ce_0,2376,1827,699,1144,1396,1824,2129,2250,2310,2335,5,2021-02-27,Eutric Cambisols,49.99996105481551,2.545424692034341,81,RMQS1,"{""type"":""MultiPoint"",""coordinates"":[]}"
20210227T110011_20210227T110446_T31UDR_000000000000000000f4_0,2248,1748,648,994,1266,1521,1663,1749,1832,1812,5,2021-02-27,Eutric Cambisols,49.71258809583164,2.101081697148307,130,RMQS1,"{""type"":""MultiPoint"",""coordinates"":[]}"
20210227T110011_20210227T110446_T31UDR_000000000000000000f7_0,2269,1970,562,1028,1334,1595,1728,1748,1840,1841,5,2021-02-27,Eutric Cambisols,49.7120578590372,2.7658288977798313,133,RMQS1,"{""type"":""MultiPoint"",""coordinates"":[]}"
20210227T110011_20210227T110446_T31UDR_000000000000000000ca_0,2336,1624,600,995,1064,1589,2414,2612,2758,2758,5,2021-02-27,Luvic Cambisols,49.99822488625304,1.654081486582689,77,RMQS1,"{""type"":""MultiPoint"",""coordinates"":[]}"
20210227T110011_20210227T110446_T31UDR_000000000000000000db_0,2370,1725,656,1044,1256,1710,2145,2323,2492,2436,5,2021-02-27,Luvic Cambisols,49.85458077799602,1.6560118173559046,100,RMQS1,"{""type"":""MultiPoint"",""coordinates"":[]}"
20210227T110011_20210227T110446_T31UDR_000000000000000000f5_0,2140,1845,446,791,1168,1367,1472,1546,1620,1631,5,2021-02-27,Luvic Cambisols,49.7128174628079,2.3226656536691292,131,RMQS1,"{""type"":""MultiPoint"",""coordinates"":[]}"
20210227T110011_20210227T110446_T31UDR_00000000000000000110_0,2563,2033,898,1500,1890,2233,2405,2506,2602,2572,5,2021-02-27,Luvic Cambisols,49.56894583689343,2.5436666897699416,161,RMQS1,"{""type"":""MultiPoint"",""coordinates"":[]}"
20210227T110011_20210227T110446_T31UDR_0000000000000000010d_0,2604,1757,645,932,1100,1362,1774,1988,2394,2323,5,2021-02-27,Luvic Stagnosols,49.56826098013314,1.8807904892721603,158,RMQS1,"{""type"":""MultiPoint"",""coordinates"":[]}"
20210227T110011_20210227T110446_T31UDR_000000000000000000c0_0,2388,1623,673,1172,1160,1765,2618,2801,3124,2888,5,2021-02-27,Regosols (Colluvic),50.14358454537285,2.546016788788959,64,RMQS1,"{""type"":""MultiPoint"",""coordinates"":[]}"
20210227T110011_20210227T110446_T31UDR_000000000000000000c1_0,2362,1630,438,715,969,1288,1487,1644,1896,1963,5,2021-02-27,Regosols (Colluvic),50.14299796037709,2.7694857901814443,65,RMQS1,"{""type"":""MultiPoint"",""coordinates"":[]}"
20210227T110011_20210227T110446_T31UDR_000000000000000000b2_0,1984,1724,447,684,969,1157,1245,1351,1386,1410,5,2021-02-27,Umbric Leptosols,50.28712929849958,2.098392586975514,49,RMQS1,"{""type"":""MultiPoint"",""coordinates"":[]}"
20210227T110011_20210227T110446_T31UDS_00000000000000000093_0,2859,1999,1072,1268,1390,1852,2622,2958,2974,3336,5,2021-02-27,Calcaric Stagnosols,50.859534751569996,1.6422702586246125,8,RMQS1,"{""type"":""MultiPoint"",""coordinates"":[]}"
20210227T110011_20210227T110446_T31UDS_00000000000000000094_0,2541,1889,930,1478,1502,2061,2599,2646,2750,2755,5,2021-02-27,Eutric Cambisols,50.860597017905235,1.868950662715976,9,RMQS1,"{""type"":""MultiPoint"",""coordinates"":[]}"
20210227T110011_20210227T110446_T31UDS_000000000000000000a5_0,2132,1486,682,1106,969,1590,2388,2521,2696,2595,5,2021-02-27,Eutric Cambisols,50.57270752289153,2.998585579809683,30,RMQS1,"{""type"":""MultiPoint"",""coordinates"":[]}"
20210227T110011_20210227T110446_T31UDS_00000000000000000095_0,2194,1592,722,1021,1140,1596,2121,2243,2282,2413,5,2021-02-27,Eutric Stagnosols,50.86124579589512,2.0956387227174256,10,RMQS1,"{""type"":""MultiPoint"",""coordinates"":[]}"
20210227T110011_20210227T110446_T31UDS_00000000000000000096_0,2198,1743,788,1138,1334,1652,1856,1936,2088,2096,5,2021-02-27,Eutric Stagnosols,50.86148089192363,2.3223306827555734,11,RMQS1,"{""type"":""MultiPoint"",""coordinates"":[]}"
20210227T110011_20210227T110446_T31UDS_0000000000000000009c_0,1866,1305,527,717,806,1028,1379,1543,1742,1711,5,2021-02-27,Fluvic Stagnosols,50.71781507092251,2.5484152413342684,20,RMQS1,"{""type"":""MultiPoint"",""coordinates"":[]}"
20210227T110011_20210227T110446_T31UDS_0000000000000000009b_0,2107,1726,957,1192,1180,1578,2066,2183,2230,2316,5,2021-02-27,Luvic Cambisols,50.71799364650035,2.3223741982983093,19,RMQS1,"{""type"":""MultiPoint"",""coordinates"":[]}"
20210227T110011_20210227T110446_T31UDS_000000000000000000a2_0,2438,2020,966,1476,1704,2003,2196,2250,2372,2310,5,2021-02-27,Luvic Cambisols,50.57447695337615,2.3224170220486497,27,RMQS1,"{""type"":""MultiPoint"",""coordinates"":[]}"
